<?xml version="1.0" encoding="UTF-8"?>
<project-private xmlns="http://www.netbeans.org/ns/project-private/1">
    <editor-bookmarks xmlns="http://www.netbeans.org/ns/editor-bookmarks/2" lastBookmarkId="0"/>
    <open-files xmlns="http://www.netbeans.org/ns/projectui-open-files/2">
        <group>
            <file>file:/C:/Users/-PauloBlanc/Documents/NetBeansProjects/calculadora%20web/src/java/NewServlet.java</file>
            <file>file:/C:/Users/-PauloBlanc/Documents/NetBeansProjects/calculadora%20web/src/java/NewServletcss.java</file>
            <file>file:/C:/Users/-PauloBlanc/Documents/NetBeansProjects/calculadora%20web/web/WEB-INF/calculadora-css.jsp</file>
            <file>file:/C:/Users/-PauloBlanc/Documents/NetBeansProjects/calculadora%20web/web/index.html</file>
            <file>file:/C:/Users/-PauloBlanc/Documents/NetBeansProjects/calculadora%20web/web/WEB-INF/calculadora-html.jsp</file>
        </group>
    </open-files>
</project-private>
